identifier,size,medianDegree,maxDegree,correlatedCondition,hubGene
6,147,27.3478,56.3674,N/A,Tm7sf3
1,112,20.42825,28.8762,N/A,Trmt1l
0,235,56.0,92.7307,N/A,Vash2
2,162,63.40505,90.6739,N/A,Cacnb1
4,454,153.14550000000003,254.4076,N/A,Slc25a19
3,368,136.0769,200.9381,N/A,Atp6v0e1
5,244,104.39474999999999,136.8854,N/A,Trim25
