identifier,size,medianDegree,maxDegree,correlatedCondition,hubGene
1,109,20.0588,28.4004,N/A,Psmb1
0,376,83.86375,119.8514,N/A,Tm7sf3
2,160,62.40715,89.9453,N/A,Cacnb1
4,460,154.4871,257.1455,N/A,Slc25a19
3,365,135.1517,199.1971,N/A,Atp6v0e1
5,252,106.44325,140.1063,N/A,Trim25
