identifier,size,medianDegree,maxDegree,correlatedCondition,hubGene
5,125,54.7172,73.1837,N/A,Slc49a4
3,367,135.8297,200.5077,N/A,Atp6v0e1
7,144,26.47985,38.6636,N/A,Snrk
1,109,20.0588,28.4004,N/A,Trmt1l
2,159,62.4716,89.7482,N/A,Cacnb1
6,127,60.0753,81.29,N/A,Trim25
0,229,54.0939,85.1073,N/A,Hps4
4,462,154.58565,257.4902,N/A,Rnf10
