identifier,size,medianDegree,maxDegree,correlatedCondition,hubGene
5,257,107.9959,141.6244,N/A,Vash2
3,371,136.6811,202.2074,N/A,Atp6v0e1
1,108,19.63675,28.3117,N/A,Trmt1l
2,157,62.2508,88.9133,N/A,Cacnb1
6,148,27.17855,55.6543,N/A,Tm7sf3
0,224,53.8638,85.0217,N/A,Txndc15
4,457,153.9897,256.6027,N/A,Rnf10
