identifier,size,medianDegree,maxDegree,correlatedCondition,hubGene
1,104,19.047449999999998,27.6161,N/A,Psmb1
0,381,85.7812,122.8679,N/A,Tm7sf3
2,410,138.24714999999998,194.7792,N/A,Rwdd2b
4,462,155.10424999999998,258.1125,N/A,Slc25a19
3,365,133.5851,198.9484,N/A,Atp6v0e1
