identifier,size,medianDegree,maxDegree,correlatedCondition,hubGene
6,60,15.79825,23.8349,N/A,RT1-M3-1
1,553,177.2962,321.1001,N/A,Daam1
0,231,55.5707,87.1207,N/A,Zfp692
2,156,64.08415,91.6956,N/A,Cacnb1
7,156,28.699199999999998,57.8163,N/A,Tm7sf3
4,258,107.43245,141.1981,N/A,Vash2
3,366,134.5315,198.3385,N/A,Dhx40
5,158,29.2967,58.2322,N/A,Tm7sf3
