identifier,size,medianDegree,maxDegree,correlatedCondition,hubGene
5,229,54.7441,90.8679,N/A,Vash2
3,444,151.9324,252.6615,N/A,Rnf10
1,156,63.23425,91.0619,N/A,Cacnb1
2,364,133.5707,197.1063,N/A,Rps4x
6,165,30.7977,61.1558,N/A,Tm7sf3
0,108,20.50155,28.9309,N/A,Trmt1l
4,256,106.14245,140.1548,N/A,Trim25
