identifier,size,medianDegree,maxDegree,correlatedCondition,hubGene
1,108,19.851399999999998,28.0516,N/A,Trmt1l
0,229,54.0939,85.1073,N/A,Hps4
2,411,138.6244,194.7038,N/A,Trim25
4,462,154.74304999999998,258.0268,N/A,Slc25a19
3,367,135.8297,200.5077,N/A,Atp6v0e1
5,145,26.7069,39.0248,N/A,Snrk
