identifier,size,medianDegree,maxDegree,correlatedCondition,hubGene
6,163,30.581,60.6904,N/A,Tm7sf3
1,109,20.6935,29.3354,N/A,Trmt1l
0,231,54.9608,91.1115,N/A,Vash2
2,156,63.23425,91.0619,N/A,Cacnb1
4,443,151.84,252.161,N/A,Rnf10
3,364,133.5707,197.1063,N/A,Rps4x
5,256,106.14245,140.1548,N/A,Trim25
