identifier,size,medianDegree,maxDegree,correlatedCondition,hubGene
1,104,19.047449999999998,27.6161,N/A,Psmb1
0,385,86.0877,122.1796,N/A,Tm7sf3
2,159,62.5944,89.5717,N/A,Cacnb1
4,461,154.6429,257.5253,N/A,Slc25a19
3,362,134.38185,198.9123,N/A,Atp6v0e1
5,251,105.098,138.4747,N/A,Trim25
