identifier,size,medianDegree,maxDegree,correlatedCondition,hubGene
6,127,60.0753,81.29,N/A,Trim25
1,108,19.851399999999998,28.0516,N/A,Trmt1l
0,229,54.0939,85.1073,N/A,Hps4
2,159,62.4716,89.7482,N/A,Cacnb1
7,144,26.47985,38.6636,N/A,Snrk
4,463,154.9319,258.2714,N/A,Rnf10
3,367,135.8297,200.5077,N/A,Atp6v0e1
5,125,54.7172,73.1837,N/A,Slc49a4
