Module ID,Gene Count,Mantel's r,p-value
0,108,0.19362951673931603,0.018
1,156,-0.19362142712165736,0.001
2,364,-0.05048766167918246,0.141
3,444,-0.06338248006713262,0.026
4,256,0.07373958901385504,0.026
5,229,-0.012991230349992205,0.78
6,165,0.38142286247634727,0.001
