n_neighbors,min_dist,eps,min_samples,min_mod_size,silhouette_score,davies_bouldin_index,silhouette_norm,dbi_norm,composite_score
3,0.001,0.3,10,50,0.655706,0.44049024343979154,0.95698637,1.0,0.9806438565254212
3,0.01,0.4,10,50,0.6647974,0.4904900202886157,1.0,0.8050773551947842,0.8927925334362024
3,0.01,0.4,13,50,0.6635287,0.49301803928290705,0.9939973,0.7952219482401695,0.8846708367145883
3,0.01,0.4,12,50,0.6635287,0.49301803928290705,0.9939973,0.7952219482401695,0.8846708367145883
3,0.001,0.4,12,50,0.63397866,0.4869190961953809,0.8541896,0.8189984966982061,0.8348344609457017
3,0.001,0.4,13,50,0.6335659,0.486803829923788,0.85223675,0.8194478588340343,0.8342028588424835
3,0.001,0.3,12,50,0.6390608,0.49691081157419686,0.87823427,0.7800460910971088,0.8242307584381419
3,0.001,0.4,10,50,0.6324046,0.4906552057079677,0.84674245,0.804433384744262,0.8234724676255032
5,0.001,0.4,13,50,0.64666283,0.5073303516857436,0.9142012,0.7394258234839647,0.8180747459001894
